{
  "results": [
    {
      "command": "make  sylvan model=models/toy_examples/add8y.aag",
      "mean": 0.20871304869750004,
      "stddev": 0.10893863912708592,
      "median": 0.17861722825999998,
      "user": 0.9487391525000001,
      "system": 0.034858907499999994,
      "min": 0.16276518676,
      "max": 0.6079000617600001,
      "times": [
        0.17276931176,
        0.18906581176,
        0.19123768676,
        0.18665272876,
        0.16276518676,
        0.17612839476,
        0.16486068676,
        0.18750064476,
        0.6079000617600001,
        0.26014956176,
        0.17792781176,
        0.17930664476,
        0.18862785376,
        0.16763247776,
        0.16350310376,
        0.16338081176
      ],
      "exit_codes": [
        0,
        0,
        0,
        0,
        0,
        0,
        0,
        0,
        0,
        0,
        0,
        0,
        0,
        0,
        0,
        0
      ],
      "parameters": {
        "benchmark": "models/toy_examples/add8y.aag",
        "solver": "sylvan"
      }
    },
    {
      "command": "make  sylvan model=models/toy_examples/add16y.aag",
      "mean": 0.9409599908599999,
      "stddev": 0.2404238711929269,
      "median": 0.9137670202600001,
      "user": 6.066044939999999,
      "system": 0.11431282000000001,
      "min": 0.6378201037600001,
      "max": 1.30771643676,
      "times": [
        0.9220312287600001,
        1.1424610617600002,
        1.02302701976,
        0.9055028117600001,
        1.30771643676,
        1.27206831176,
        0.7886664367600001,
        0.68466197776,
        0.7256445197600001,
        0.6378201037600001
      ],
      "exit_codes": [
        0,
        0,
        0,
        0,
        0,
        0,
        0,
        0,
        0,
        0
      ],
      "parameters": {
        "benchmark": "models/toy_examples/add16y.aag",
        "solver": "sylvan"
      }
    },
    {
      "command": "make  sylvan model=models/toy_examples/add20y.aag",
      "mean": 1.03931211586,
      "stddev": 0.03812629957840859,
      "median": 1.03272174926,
      "user": 7.372013239999999,
      "system": 0.13078092,
      "min": 0.9973586027600001,
      "max": 1.11682943676,
      "times": [
        1.03271947876,
        1.0903263117600002,
        1.02277893676,
        0.9973586027600001,
        1.01580431176,
        1.0395752707600001,
        1.04733201976,
        0.9976727697600001,
        1.03272401976,
        1.11682943676
      ],
      "exit_codes": [
        0,
        0,
        0,
        0,
        0,
        0,
        0,
        0,
        0,
        0
      ],
      "parameters": {
        "benchmark": "models/toy_examples/add20y.aag",
        "solver": "sylvan"
      }
    },
    {
      "command": "make  cudd model=models/toy_examples/add8y.aag",
      "mean": 0.0752037982735135,
      "stddev": 0.003952576290227116,
      "median": 0.07460827076000001,
      "user": 0.03854519135135135,
      "system": 0.019939260540540536,
      "min": 0.06994343676,
      "max": 0.08813372776000002,
      "times": [
        0.07242864576000001,
        0.07439951976,
        0.07221226976,
        0.07489785376000001,
        0.07612601976000001,
        0.07533393676000001,
        0.07460689576000001,
        0.07471764476000001,
        0.07414631176000001,
        0.07405918676,
        0.07471326976,
        0.07273143676,
        0.07546756176000001,
        0.07235922876,
        0.07475327076,
        0.07958014476000001,
        0.07529089476,
        0.07165527076000001,
        0.07505731176000001,
        0.07162956176,
        0.07461393676000001,
        0.07477635376000001,
        0.07411343676000001,
        0.07443251976000001,
        0.08813372776000002,
        0.07257818676000001,
        0.06994343676,
        0.07831393676000001,
        0.08755972776000001,
        0.07331256176,
        0.07504526976,
        0.07460827076000001,
        0.07275589576000001,
        0.07695935276,
        0.07383435376000001,
        0.08433510376000002,
        0.07105822876000001
      ],
      "exit_codes": [
        0,
        0,
        0,
        0,
        0,
        0,
        0,
        0,
        0,
        0,
        0,
        0,
        0,
        0,
        0,
        0,
        0,
        0,
        0,
        0,
        0,
        0,
        0,
        0,
        0,
        0,
        0,
        0,
        0,
        0,
        0,
        0,
        0,
        0,
        0,
        0,
        0
      ],
      "parameters": {
        "benchmark": "models/toy_examples/add8y.aag",
        "solver": "cudd"
      }
    },
    {
      "command": "make  cudd model=models/toy_examples/add16y.aag",
      "mean": 0.09970835653777776,
      "stddev": 0.002282804347059509,
      "median": 0.09939943676000002,
      "user": 0.059141469629629614,
      "system": 0.019311164444444445,
      "min": 0.09525252076000001,
      "max": 0.10524843676000001,
      "times": [
        0.10034481176000001,
        0.10036951976000001,
        0.10524843676000001,
        0.10118793676000001,
        0.09913639476000001,
        0.09816839476000001,
        0.09914356176000001,
        0.09960468676,
        0.09948681176000002,
        0.09766872776,
        0.09768526976000001,
        0.10019802076,
        0.10453760376000001,
        0.09891327076,
        0.10143539476,
        0.10122272776,
        0.10422202076,
        0.09867502076000001,
        0.10072006176000001,
        0.09841493676000002,
        0.09920518676000001,
        0.09831497776,
        0.09955035376000002,
        0.09679118676000001,
        0.09525252076000001,
        0.09722835376000001,
        0.09939943676000002
      ],
      "exit_codes": [
        0,
        0,
        0,
        0,
        0,
        0,
        0,
        0,
        0,
        0,
        0,
        0,
        0,
        0,
        0,
        0,
        0,
        0,
        0,
        0,
        0,
        0,
        0,
        0,
        0,
        0,
        0
      ],
      "parameters": {
        "benchmark": "models/toy_examples/add16y.aag",
        "solver": "cudd"
      }
    },
    {
      "command": "make  cudd model=models/toy_examples/add20y.aag",
      "mean": 0.10094041180000002,
      "stddev": 0.005132202296818568,
      "median": 0.09979335276000001,
      "user": 0.06541432,
      "system": 0.019771240000000006,
      "min": 0.09497889476000002,
      "max": 0.11274356176000001,
      "times": [
        0.11204643676,
        0.10010910376000001,
        0.09851764476000001,
        0.09976701976,
        0.09709543676000001,
        0.10009793676,
        0.11111339476000001,
        0.09864672876000001,
        0.09792922876000001,
        0.09748906176000001,
        0.09754635376000001,
        0.11274356176000001,
        0.10086651976000001,
        0.10047468676000001,
        0.09979335276000001,
        0.10985218676000001,
        0.09631926976,
        0.09497889476000002,
        0.09777514576000002,
        0.10030781176,
        0.10488768676000002,
        0.09617597876000002,
        0.10071272876000001,
        0.10154710376000001,
        0.09671702076000001
      ],
      "exit_codes": [
        0,
        0,
        0,
        0,
        0,
        0,
        0,
        0,
        0,
        0,
        0,
        0,
        0,
        0,
        0,
        0,
        0,
        0,
        0,
        0,
        0,
        0,
        0,
        0,
        0
      ],
      "parameters": {
        "benchmark": "models/toy_examples/add20y.aag",
        "solver": "cudd"
      }
    }
  ]
}
