{
  "results": [
    {
      "command": "make sylvan model=moving_obstacle_8x8_1glitches.aag",
      "mean": 2.54205627418,
      "stddev": 0.14751000319784688,
      "median": 2.4939111033800003,
      "user": 17.007303940000003,
      "system": 1.5412240000000001,
      "min": 2.40227881138,
      "max": 2.8681268113800003,
      "times": [
        2.74560843638,
        2.4654705203800003,
        2.48500793638,
        2.4250244373800003,
        2.8681268113800003,
        2.48569414538,
        2.52464710338,
        2.51657647838,
        2.50212806138,
        2.40227881138
      ],
      "exit_codes": [
        0,
        0,
        0,
        0,
        0,
        0,
        0,
        0,
        0,
        0
      ],
      "parameters": {
        "benchmark": "moving_obstacle_8x8_1glitches",
        "solver": "sylvan"
      }
    },
    {
      "command": "make sylvan model=add14y.aag",
      "mean": 5.218305303379999,
      "stddev": 3.087386675964126,
      "median": 4.16593418638,
      "user": 33.63619734,
      "system": 2.2207687000000003,
      "min": 3.45558460338,
      "max": 13.523605270380001,
      "times": [
        3.4586327693800003,
        3.45558460338,
        4.10542493638,
        4.22644343638,
        13.523605270380001,
        6.97120418638,
        4.53980185338,
        3.73770356238,
        4.27927356238,
        3.88537885338
      ],
      "exit_codes": [
        0,
        0,
        0,
        0,
        0,
        0,
        0,
        0,
        0,
        0
      ],
      "parameters": {
        "benchmark": "add14y",
        "solver": "sylvan"
      }
    },
    {
      "command": "make cudd model=moving_obstacle_8x8_1glitches.aag",
      "mean": 0.1434180107133333,
      "stddev": 0.008698328996160529,
      "median": 0.14397233238,
      "user": 0.09859048444444443,
      "system": 0.01899067777777778,
      "min": 0.13248364538,
      "max": 0.16311672838,
      "times": [
        0.15998972838,
        0.15042102038,
        0.14584160338,
        0.14388406138,
        0.14679685338,
        0.13807835338,
        0.14406060338,
        0.14608868638,
        0.14878672838,
        0.13521927038,
        0.13558043638,
        0.13325385338,
        0.13911751938,
        0.13931210338,
        0.13248364538,
        0.14600406138,
        0.13348893638,
        0.16311672838
      ],
      "exit_codes": [
        0,
        0,
        0,
        0,
        0,
        0,
        0,
        0,
        0,
        0,
        0,
        0,
        0,
        0,
        0,
        0,
        0,
        0
      ],
      "parameters": {
        "benchmark": "moving_obstacle_8x8_1glitches",
        "solver": "cudd"
      }
    },
    {
      "command": "make cudd model=add14y.aag",
      "mean": 0.09510987303625001,
      "stddev": 0.013689027525994303,
      "median": 0.08951637438000001,
      "user": 0.045726789999999996,
      "system": 0.01868755625,
      "min": 0.08202497838,
      "max": 0.14414002038,
      "times": [
        0.08836135338000001,
        0.09040822838000001,
        0.08942697838,
        0.11052443638000001,
        0.08905922838,
        0.08860856238,
        0.08925860338,
        0.08951922838000001,
        0.14414002038,
        0.12492676938,
        0.08951352038000002,
        0.08888339538000001,
        0.08695106238,
        0.12600831238,
        0.08202497838,
        0.08952622838000002,
        0.08778197838000001,
        0.09120889538000002,
        0.09412231238000002,
        0.08985472838,
        0.09338397838000001,
        0.08527122838000001,
        0.09995077038,
        0.10895977038000002,
        0.08908052038,
        0.08653322838,
        0.08682631137999999,
        0.08548168738,
        0.09563818638000002,
        0.09593156238,
        0.09808293638000001,
        0.08826693638
      ],
      "exit_codes": [
        0,
        0,
        0,
        0,
        0,
        0,
        0,
        0,
        0,
        0,
        0,
        0,
        0,
        0,
        0,
        0,
        0,
        0,
        0,
        0,
        0,
        0,
        0,
        0,
        0,
        0,
        0,
        0,
        0,
        0,
        0,
        0
      ],
      "parameters": {
        "benchmark": "add14y",
        "solver": "cudd"
      }
    }
  ]
}
