{
  "results": [
    {
      "command": "./sylvan-solver models/toy_examples/add12y.aag",
      "mean": 0.1591472637488889,
      "stddev": 0.017620056500756234,
      "median": 0.15509041436,
      "user": 1.1506684555555553,
      "system": 0.04223845777777778,
      "min": 0.13971660136000003,
      "max": 0.21275080936000001,
      "times": [
        0.15674064336000001,
        0.17953455936,
        0.14635456036000002,
        0.17046035236,
        0.15653714336000002,
        0.15089964336,
        0.15364368536,
        0.14750218536,
        0.15942864336,
        0.14865901836,
        0.16381364336,
        0.14145664336000002,
        0.17736706036000002,
        0.21275080936000001,
        0.14411168536000002,
        0.16362280936,
        0.13971660136000003,
        0.15205106036000002
      ],
      "exit_codes": [
        0,
        0,
        0,
        0,
        0,
        0,
        0,
        0,
        0,
        0,
        0,
        0,
        0,
        0,
        0,
        0,
        0,
        0
      ],
      "parameters": {
        "benchmark": "models/toy_examples/add12y.aag",
        "solver": "sylvan-solver"
      }
    },
    {
      "command": "./sylvan-solver models/toy_examples/add20y.aag",
      "mean": 0.88723396416,
      "stddev": 0.16281051492987952,
      "median": 0.85250458086,
      "user": 6.2819603,
      "system": 0.21968667999999997,
      "min": 0.6740313103600001,
      "max": 1.22052447736,
      "times": [
        1.04248689336,
        0.7473819353600001,
        0.80873380936,
        1.22052447736,
        0.8839450183600001,
        0.8210641433600001,
        0.6740313103600001,
        0.75655597636,
        0.9744829343600001,
        0.9431331433600001
      ],
      "exit_codes": [
        0,
        0,
        0,
        0,
        0,
        0,
        0,
        0,
        0,
        0
      ],
      "parameters": {
        "benchmark": "models/toy_examples/add20y.aag",
        "solver": "sylvan-solver"
      }
    }
  ]
}
