{
  "results": [
    {
      "command": "./sylvan-solver models/toy_examples/add12y.aag",
      "mean": 0.15824119044750004,
      "stddev": 0.013386941296772118,
      "median": 0.15446813826,
      "user": 1.162554075,
      "system": 0.024848999999999996,
      "min": 0.14382688826,
      "max": 0.20031709626,
      "times": [
        0.17455972226,
        0.15664205526,
        0.15554747126000001,
        0.14949897126,
        0.15338880526,
        0.14912255426,
        0.14382688826,
        0.15185355526,
        0.16273201326,
        0.20031709626,
        0.16099176326,
        0.15148768026,
        0.16124172226,
        0.15991838826000002,
        0.15097568026,
        0.14975468026
      ],
      "exit_codes": [
        0,
        0,
        0,
        0,
        0,
        0,
        0,
        0,
        0,
        0,
        0,
        0,
        0,
        0,
        0,
        0
      ],
      "parameters": {
        "benchmark": "models/toy_examples/add12y.aag",
        "solver": "sylvan-solver"
      }
    },
    {
      "command": "./sylvan-solver models/toy_examples/add20y.aag",
      "mean": 0.7849442465600001,
      "stddev": 0.031602199651349853,
      "median": 0.79213942976,
      "user": 5.9746039,
      "system": 0.10364930000000001,
      "min": 0.7366107632600001,
      "max": 0.83326505526,
      "times": [
        0.80312676326,
        0.7952803472600001,
        0.79436301326,
        0.78991584626,
        0.74075801326,
        0.78941967926,
        0.7366107632600001,
        0.75344438826,
        0.8132585962600001,
        0.83326505526
      ],
      "exit_codes": [
        0,
        0,
        0,
        0,
        0,
        0,
        0,
        0,
        0,
        0
      ],
      "parameters": {
        "benchmark": "models/toy_examples/add20y.aag",
        "solver": "sylvan-solver"
      }
    },
    {
      "command": "./sylvan-solver models/toy_examples/add28y.aag",
      "mean": 3.0467264174599995,
      "stddev": 0.058676321303956176,
      "median": 3.03344740926,
      "user": 23.359148599999997,
      "system": 0.33858359999999993,
      "min": 2.97500638826,
      "max": 3.16822818026,
      "times": [
        3.00702072126,
        3.03537147226,
        3.00462805526,
        3.0120364292599997,
        3.03392843026,
        2.97500638826,
        3.08212368026,
        3.11595442926,
        3.16822818026,
        3.0329663882599998
      ],
      "exit_codes": [
        0,
        0,
        0,
        0,
        0,
        0,
        0,
        0,
        0,
        0
      ],
      "parameters": {
        "benchmark": "models/toy_examples/add28y.aag",
        "solver": "sylvan-solver"
      }
    },
    {
      "command": "./cudd-solver models/toy_examples/add12y.aag",
      "mean": 0.028755697918227845,
      "stddev": 0.002966425719104805,
      "median": 0.028132096260000003,
      "user": 0.01653742151898734,
      "system": 0.0036104810126582295,
      "min": 0.025511430260000002,
      "max": 0.04800409726,
      "times": [
        0.03235034726,
        0.02995926326,
        0.031235138260000003,
        0.031213138260000002,
        0.027973597260000004,
        0.030635263260000004,
        0.02674801326,
        0.04800409726,
        0.02899484626,
        0.02698768026,
        0.02875093026,
        0.026420680260000003,
        0.02901713826,
        0.027185179260000004,
        0.02853930526,
        0.028511513260000003,
        0.02778488826,
        0.02716643026,
        0.025511430260000002,
        0.028104096260000003,
        0.032139430260000004,
        0.030291888260000004,
        0.037098388260000004,
        0.033564054260000004,
        0.03003213826,
        0.026055972260000004,
        0.02712488826,
        0.029342221260000002,
        0.02900534726,
        0.027094930260000004,
        0.028000554260000005,
        0.02630072126,
        0.026715305260000002,
        0.02867476326,
        0.02933193026,
        0.02808472126,
        0.027749263260000004,
        0.027803471260000004,
        0.028089013260000004,
        0.03294868026,
        0.027648388260000004,
        0.02781159626,
        0.02769259626,
        0.02626751326,
        0.02882072126,
        0.028132096260000003,
        0.02806242926,
        0.028307388260000003,
        0.028529597260000004,
        0.02822088826,
        0.02612068026,
        0.026280305260000004,
        0.02556697226,
        0.028460346259999998,
        0.025902679260000002,
        0.026730096260000002,
        0.03198905526,
        0.029836430260000005,
        0.030478055260000005,
        0.025953222260000002,
        0.026259638260000003,
        0.028991804260000004,
        0.02935426326,
        0.02724655526,
        0.031075346260000004,
        0.029015180260000002,
        0.030296846260000003,
        0.029086763260000002,
        0.02819626326,
        0.027231346260000004,
        0.02643476326,
        0.029307971260000003,
        0.029100263260000002,
        0.028063847260000004,
        0.02738634726,
        0.02915405526,
        0.027782930259999998,
        0.02695218026,
        0.02741205526
      ],
      "exit_codes": [
        0,
        0,
        0,
        0,
        0,
        0,
        0,
        0,
        0,
        0,
        0,
        0,
        0,
        0,
        0,
        0,
        0,
        0,
        0,
        0,
        0,
        0,
        0,
        0,
        0,
        0,
        0,
        0,
        0,
        0,
        0,
        0,
        0,
        0,
        0,
        0,
        0,
        0,
        0,
        0,
        0,
        0,
        0,
        0,
        0,
        0,
        0,
        0,
        0,
        0,
        0,
        0,
        0,
        0,
        0,
        0,
        0,
        0,
        0,
        0,
        0,
        0,
        0,
        0,
        0,
        0,
        0,
        0,
        0,
        0,
        0,
        0,
        0,
        0,
        0,
        0,
        0,
        0,
        0
      ],
      "parameters": {
        "benchmark": "models/toy_examples/add12y.aag",
        "solver": "cudd-solver"
      }
    },
    {
      "command": "./cudd-solver models/toy_examples/add20y.aag",
      "mean": 0.05017603575999998,
      "stddev": 0.006165159601035352,
      "median": 0.05198622126,
      "user": 0.0341521,
      "system": 0.004167259999999999,
      "min": 0.03959080526,
      "max": 0.07581242926000001,
      "times": [
        0.05431176326,
        0.05415997226,
        0.07581242926000001,
        0.052115471260000004,
        0.052027513260000005,
        0.052048763260000006,
        0.05361505526,
        0.051271555260000004,
        0.04988701326,
        0.040018055260000004,
        0.05334226326,
        0.05218488826,
        0.05113142926,
        0.040118721260000004,
        0.052876638260000004,
        0.03959080526,
        0.05154734626,
        0.05335709626,
        0.040241596260000005,
        0.05271422126,
        0.050069971260000005,
        0.05547672226,
        0.05145259726,
        0.05433943026,
        0.03996193026,
        0.04099338826,
        0.05258422226,
        0.051093096260000005,
        0.051129888260000006,
        0.048660472260000004,
        0.043937763260000005,
        0.05197222126,
        0.046316222260000005,
        0.04536709626,
        0.052275679260000006,
        0.051145471260000006,
        0.05249501326,
        0.05218972126,
        0.053929305260000004,
        0.055692805260000006,
        0.05197009626,
        0.05200022126,
        0.053515138260000004,
        0.05217993026,
        0.05324376326,
        0.04433134626,
        0.04027538826,
        0.04383451326,
        0.05347480526,
        0.040520971260000004
      ],